Operation,Part,Seq,Type,Description,Machine,Tool,Minutes,Source (joint/hardware),Board,Cut
OP001,TOP-1,1,Cut,Cut rough piece 1830 mm from board B001 (OAK 40x140 x 4000) at 0 mm [C001],Crosscut saw,SAW-TS-300,4,,B001,C001
OP002,TOP-1,2,Cut,Cut rough piece 1830 mm from board B001 (OAK 40x140 x 4000) at 1833 mm [C002],Crosscut saw,SAW-TS-300,4,,B001,C002
OP003,TOP-1,3,Cut,Cut rough piece 1830 mm from board B002 (OAK 40x140 x 4000) at 0 mm [C003],Crosscut saw,SAW-TS-300,4,,B002,C003
OP004,TOP-1,4,Cut,Cut rough piece 1830 mm from board B002 (OAK 40x140 x 4000) at 1833 mm [C004],Crosscut saw,SAW-TS-300,4,,B002,C004
OP005,TOP-1,5,Cut,Cut rough piece 1830 mm from board B003 (OAK 40x140 x 4000) at 0 mm [C005],Crosscut saw,SAW-TS-300,4,,B003,C005
OP006,TOP-1,6,Cut,Cut rough piece 1830 mm from board B003 (OAK 40x140 x 4000) at 1833 mm [C006],Crosscut saw,SAW-TS-300,4,,B003,C006
OP007,TOP-1,7,Cut,Cut rough piece 1830 mm from board B005 (OAK 40x140 x 3000) at 0 mm [C009],Crosscut saw,SAW-TS-300,4,,B005,C009
OP008,TOP-1,8,Plane,Joint one face and one edge of every strip,Jointer,PLANER-HSS,42,,,
OP009,TOP-1,9,Rip,Rip strips to equal width and joint the glue edges,Table saw,SAW-TS-RIP,21,,,
OP010,TOP-1,10,Glue,Edge-glue 7 strips into a panel (alternate ring orientation),Clamps,,48,,,
OP011,TOP-1,11,Plane,Flatten and plane panel to 35 mm,Planer / sander,PLANER-HSS,25,,,
OP012,TOP-1,12,Crosscut,Trim panel to 1800 x 900,Crosscut saw,SAW-TS-300,10,,,
OP013,TOP-1,13,Drill,Z-clip pilot hole - ScrewHole D3 depth 12,Drill press,DRILL-3,1.5,HW001,,
OP014,TOP-1,14,Drill,Z-clip pilot hole - ScrewHole D3 depth 12,Drill press,DRILL-3,1.5,HW002,,
OP015,TOP-1,15,Drill,Z-clip pilot hole - ScrewHole D3 depth 12,Drill press,DRILL-3,1.5,HW003,,
OP016,TOP-1,16,Drill,Z-clip pilot hole - ScrewHole D3 depth 12,Drill press,DRILL-3,1.5,HW004,,
OP017,TOP-1,17,Drill,Z-clip pilot hole - ScrewHole D3 depth 12,Drill press,DRILL-3,1.5,HW005,,
OP018,TOP-1,18,Drill,Z-clip pilot hole - ScrewHole D3 depth 12,Drill press,DRILL-3,1.5,HW006,,
OP019,TOP-1,19,Drill,Z-clip pilot hole - ScrewHole D3 depth 12,Drill press,DRILL-3,1.5,HW007,,
OP020,TOP-1,20,Drill,Z-clip pilot hole - ScrewHole D3 depth 12,Drill press,DRILL-3,1.5,HW008,,
OP021,TOP-1,21,Drill,Z-clip pilot hole - ScrewHole D3 depth 12,Drill press,DRILL-3,1.5,HW009,,
OP022,TOP-1,22,Drill,Z-clip pilot hole - ScrewHole D3 depth 12,Drill press,DRILL-3,1.5,HW010,,
OP023,TOP-1,23,Drill,Pilot hole - ScrewHole D3 depth 20,Drill press,DRILL-3,1.5,HW011,,
OP024,TOP-1,24,Drill,Pilot hole - ScrewHole D3 depth 20,Drill press,DRILL-3,1.5,HW012,,
OP025,TOP-1,25,Sand,Sand to P180,Random orbital sander,,8,,,
OP026,LEG-1,1,Cut,Cut rough piece 755 mm from board B006 (OAK 90x90 x 4000) at 773 mm [C012],Crosscut saw,SAW-TS-300,4,,B006,C012
OP027,LEG-1,2,Plane,Joint face and edge (reference surfaces),Jointer,PLANER-HSS,6,,,
OP028,LEG-1,3,Plane,Plane to thickness 80 mm,Thicknesser,PLANER-HSS,4,,,
OP029,LEG-1,4,Rip,Rip to width 80 mm,Table saw,SAW-TS-RIP,3,,,
OP030,LEG-1,5,Crosscut,Crosscut to finished length 725 mm,Crosscut saw,SAW-TS-300,3,,,
OP031,LEG-1,6,Mortise,Mortise - Mortise 60.4x43x8.4,Hollow-chisel mortiser,MORT-8,5,J001,,
OP032,LEG-1,7,Mortise,Mortise - Mortise 60.4x8.4x43,Hollow-chisel mortiser,MORT-8,5,J005,,
OP033,LEG-1,8,Sand,Sand to P180,Random orbital sander,,8,,,
OP034,LEG-2,1,Cut,Cut rough piece 755 mm from board B006 (OAK 90x90 x 4000) at 1531 mm [C013],Crosscut saw,SAW-TS-300,4,,B006,C013
OP035,LEG-2,2,Plane,Joint face and edge (reference surfaces),Jointer,PLANER-HSS,6,,,
OP036,LEG-2,3,Plane,Plane to thickness 80 mm,Thicknesser,PLANER-HSS,4,,,
OP037,LEG-2,4,Rip,Rip to width 80 mm,Table saw,SAW-TS-RIP,3,,,
OP038,LEG-2,5,Crosscut,Crosscut to finished length 725 mm,Crosscut saw,SAW-TS-300,3,,,
OP039,LEG-2,6,Mortise,Mortise - Mortise 60.4x43x8.4,Hollow-chisel mortiser,MORT-8,5,J002,,
OP040,LEG-2,7,Mortise,Mortise - Mortise 60.4x8.4x43,Hollow-chisel mortiser,MORT-8,5,J007,,
OP041,LEG-2,8,Sand,Sand to P180,Random orbital sander,,8,,,
OP042,LEG-3,1,Cut,Cut rough piece 755 mm from board B006 (OAK 90x90 x 4000) at 2289 mm [C014],Crosscut saw,SAW-TS-300,4,,B006,C014
OP043,LEG-3,2,Plane,Joint face and edge (reference surfaces),Jointer,PLANER-HSS,6,,,
OP044,LEG-3,3,Plane,Plane to thickness 80 mm,Thicknesser,PLANER-HSS,4,,,
OP045,LEG-3,4,Rip,Rip to width 80 mm,Table saw,SAW-TS-RIP,3,,,
OP046,LEG-3,5,Crosscut,Crosscut to finished length 725 mm,Crosscut saw,SAW-TS-300,3,,,
OP047,LEG-3,6,Mortise,Mortise - Mortise 60.4x43x8.4,Hollow-chisel mortiser,MORT-8,5,J003,,
OP048,LEG-3,7,Mortise,Mortise - Mortise 60.4x8.4x43,Hollow-chisel mortiser,MORT-8,5,J006,,
OP049,LEG-3,8,Sand,Sand to P180,Random orbital sander,,8,,,
OP050,LEG-4,1,Cut,Cut rough piece 755 mm from board B006 (OAK 90x90 x 4000) at 3047 mm [C015],Crosscut saw,SAW-TS-300,4,,B006,C015
OP051,LEG-4,2,Plane,Joint face and edge (reference surfaces),Jointer,PLANER-HSS,6,,,
OP052,LEG-4,3,Plane,Plane to thickness 80 mm,Thicknesser,PLANER-HSS,4,,,
OP053,LEG-4,4,Rip,Rip to width 80 mm,Table saw,SAW-TS-RIP,3,,,
OP054,LEG-4,5,Crosscut,Crosscut to finished length 725 mm,Crosscut saw,SAW-TS-300,3,,,
OP055,LEG-4,6,Mortise,Mortise - Mortise 60.4x43x8.4,Hollow-chisel mortiser,MORT-8,5,J004,,
OP056,LEG-4,7,Mortise,Mortise - Mortise 60.4x8.4x43,Hollow-chisel mortiser,MORT-8,5,J008,,
OP057,LEG-4,8,Sand,Sand to P180,Random orbital sander,,8,,,
OP058,APR-L-1,1,Cut,Cut rough piece 1670 mm from board B004 (OAK 40x140 x 4000) at 0 mm [C007],Crosscut saw,SAW-TS-300,4,,B004,C007
OP059,APR-L-1,2,Plane,Joint face and edge (reference surfaces),Jointer,PLANER-HSS,6,,,
OP060,APR-L-1,3,Plane,Plane to thickness 25 mm,Thicknesser,PLANER-HSS,4,,,
OP061,APR-L-1,4,Rip,Rip to width 80 mm,Table saw,SAW-TS-RIP,3,,,
OP062,APR-L-1,5,Crosscut,Crosscut to finished length 1640 mm,Crosscut saw,SAW-TS-300,3,,,
OP063,APR-L-1,6,Slot,Z-clip slot - Slot 34x3x10,Router / slot cutter,ROUT-SLOT-3,3,HW001,,
OP064,APR-L-1,7,Slot,Z-clip slot - Slot 34x3x10,Router / slot cutter,ROUT-SLOT-3,3,HW002,,
OP065,APR-L-1,8,Slot,Z-clip slot - Slot 34x3x10,Router / slot cutter,ROUT-SLOT-3,3,HW003,,
OP066,APR-L-1,9,Slot,Z-clip slot - Slot 34x3x10,Router / slot cutter,ROUT-SLOT-3,3,HW004,,
OP067,APR-L-1,10,Slot,Z-clip slot - Slot 34x3x10,Router / slot cutter,ROUT-SLOT-3,3,HW005,,
OP068,APR-L-1,11,Tenon,Tenon - Tenon 40x60x8,Table saw / tenoning jig,SAW-TS-300,6,J001,,
OP069,APR-L-1,12,Tenon,Tenon - Tenon 40x60x8,Table saw / tenoning jig,SAW-TS-300,6,J002,,
OP070,APR-L-1,13,Sand,Sand to P180,Random orbital sander,,8,,,
OP071,APR-L-2,1,Cut,Cut rough piece 1670 mm from board B004 (OAK 40x140 x 4000) at 1673 mm [C008],Crosscut saw,SAW-TS-300,4,,B004,C008
OP072,APR-L-2,2,Plane,Joint face and edge (reference surfaces),Jointer,PLANER-HSS,6,,,
OP073,APR-L-2,3,Plane,Plane to thickness 25 mm,Thicknesser,PLANER-HSS,4,,,
OP074,APR-L-2,4,Rip,Rip to width 80 mm,Table saw,SAW-TS-RIP,3,,,
OP075,APR-L-2,5,Crosscut,Crosscut to finished length 1640 mm,Crosscut saw,SAW-TS-300,3,,,
OP076,APR-L-2,6,Slot,Z-clip slot - Slot 34x3x10,Router / slot cutter,ROUT-SLOT-3,3,HW006,,
OP077,APR-L-2,7,Slot,Z-clip slot - Slot 34x3x10,Router / slot cutter,ROUT-SLOT-3,3,HW007,,
OP078,APR-L-2,8,Slot,Z-clip slot - Slot 34x3x10,Router / slot cutter,ROUT-SLOT-3,3,HW008,,
OP079,APR-L-2,9,Slot,Z-clip slot - Slot 34x3x10,Router / slot cutter,ROUT-SLOT-3,3,HW009,,
OP080,APR-L-2,10,Slot,Z-clip slot - Slot 34x3x10,Router / slot cutter,ROUT-SLOT-3,3,HW010,,
OP081,APR-L-2,11,Tenon,Tenon - Tenon 40x60x8,Table saw / tenoning jig,SAW-TS-300,6,J003,,
OP082,APR-L-2,12,Tenon,Tenon - Tenon 40x60x8,Table saw / tenoning jig,SAW-TS-300,6,J004,,
OP083,APR-L-2,13,Sand,Sand to P180,Random orbital sander,,8,,,
OP084,APR-S-1,1,Cut,Cut rough piece 770 mm from board B005 (OAK 40x140 x 3000) at 1833 mm [C010],Crosscut saw,SAW-TS-300,4,,B005,C010
OP085,APR-S-1,2,Plane,Joint face and edge (reference surfaces),Jointer,PLANER-HSS,6,,,
OP086,APR-S-1,3,Plane,Plane to thickness 25 mm,Thicknesser,PLANER-HSS,4,,,
OP087,APR-S-1,4,Rip,Rip to width 80 mm,Table saw,SAW-TS-RIP,3,,,
OP088,APR-S-1,5,Crosscut,Crosscut to finished length 740 mm,Crosscut saw,SAW-TS-300,3,,,
OP089,APR-S-1,6,Rout,Elongated screw slot (allows top movement) - ElongatedHole 18x25x5,Router,ROUT-8,3,HW011,,
OP090,APR-S-1,7,Tenon,Tenon - Tenon 40x60x8,Table saw / tenoning jig,SAW-TS-300,6,J005,,
OP091,APR-S-1,8,Tenon,Tenon - Tenon 40x60x8,Table saw / tenoning jig,SAW-TS-300,6,J006,,
OP092,APR-S-1,9,Sand,Sand to P180,Random orbital sander,,8,,,
OP093,APR-S-2,1,Cut,Cut rough piece 770 mm from board B006 (OAK 90x90 x 4000) at 0 mm [C011],Crosscut saw,SAW-TS-300,4,,B006,C011
OP094,APR-S-2,2,Plane,Joint face and edge (reference surfaces),Jointer,PLANER-HSS,6,,,
OP095,APR-S-2,3,Plane,Plane to thickness 25 mm,Thicknesser,PLANER-HSS,4,,,
OP096,APR-S-2,4,Rip,Rip to width 80 mm,Table saw,SAW-TS-RIP,3,,,
OP097,APR-S-2,5,Crosscut,Crosscut to finished length 740 mm,Crosscut saw,SAW-TS-300,3,,,
OP098,APR-S-2,6,Rout,Elongated screw slot (allows top movement) - ElongatedHole 18x25x5,Router,ROUT-8,3,HW012,,
OP099,APR-S-2,7,Tenon,Tenon - Tenon 40x60x8,Table saw / tenoning jig,SAW-TS-300,6,J007,,
OP100,APR-S-2,8,Tenon,Tenon - Tenon 40x60x8,Table saw / tenoning jig,SAW-TS-300,6,J008,,
OP101,APR-S-2,9,Sand,Sand to P180,Random orbital sander,,8,,,
